2 Goals 1 Cup,Free Agent Team 13,Icewolves Esports Frost Core,
3 men and a baby,First Touch,Free Agent Team 18,
3 men and a baby,Big Boy noise,Comically Laconic Crew,
AwwDamnDacity,Bum Fun chums,First Touch,
Boost Ninjas,Free Agent Team 31,Borderline Offenders,
Boosted Monkeys,Borderline Offenders,Dandy Dragons,
Dandy Dragons,Is it too late now to say sorry?,Bum Fun chums,
FA Team 16,Icewolves Esports Frost core,Is it too late now to say sorry?,
FA Team 22,Fireborn Gaming,Icewolves Esports Astral,
FA Team 31,Noobs with Rockets,Pocket Rockets,
FA Team 35,Influence,Pure Bliss,
Fireborn Gaming,Rockets 2 Riches,Blasting Off Again,
Fireborn Gaming,Repel,Rykon Gaming,
Fly High,Pure Bliss,Bum Fun Chums,
Fly High,Demonic Army NA,Men in Cars,
Fly High,3 men and a baby,AwwDamnDacity,
FOG,MrI,Reapers Gaming,
Free Agent Team 16,Icewolves Esports Astral,Team Miss,
Free Agent Team 32,Men in Cars,WFaL,
Free Agent Team 35,AwwDamnDacity,Demonic Army NA,
Free Agent Team 36,Big Boy noise,Reapers Gaming,
Icewolves Esports Frost Core,Boost Ninjas,Reapers Gaming,
Influence,Squared Lions,,
Is it too late now to say sorry?,Driverless Rocket Cars,Virtual Rockets,
MrI,Free Agent Team 17,Repel,
No Boost No Problem,Straw Hat Pirates,Bramble Boost,
Pocket Rockets,Noobs with Rockets,Team to be Named Later,
Pocket Rockets,Driverless Rocket Cars,No Boost No Problem,
Pure Bliss,FA Team 35,Bramble Boost,Bears Of Anarchy
Repel,Rykon Gaming,Sonic Boom,
Rockets 2 Riches,Space Jam,Virtual Rockets,
Rykon Gaming,No Boost No Problem,Free Agent Team 14,
Sonic Boom,No Practice Only Dreams,Free Agent Team 21,
Sonic Boom,Noobs with Rockets,Mrl,
Space Jam,Bramble Boost,Free Agent Team 22,
Space Jam,FOG,Rockets 2 Riches,
Squared Lions,Tripod,2 Goals 1 Cup,
Squared Lions,Icewolves Esports Astral,Boosted Monkeys,
Suave Train,Driverless Rocket Cars,FA Team 13,
Suave Train,Men in Cars,First Touch,
Team Miss,Team to be Named Later,Boost Ninjas,
Team Miss,Borderline Offenders,2 Goals 1 Cup,
Team Rocket,Comically Laconic Crew,Suave Train,
Team Rocket,Thrown Together,TowTags,
Team Rocket,Team to be Named Later,Influence,
Thrown Together,Boosted Monkeys,Dandy Dragons,
Tripod,Free Agent Team 20,FOG,
Tripod,Thrown Together,Comically Laconic Crew,
Virtual Rockets,Demonic Army NA,Big Boy noise,